group,class,n_success_in_class,spearman_rho_deletion_auc,ci95_lo,ci95_hi
adaptive,defacement,13,0.089,-0.5767,0.663
adaptive,malware,22,-0.2485,-0.629,0.2441
adaptive,phishing,45,-0.1944,-0.4706,0.1127
adjacent_swap,defacement,15,-0.2239,-0.6777,0.3918
adjacent_swap,malware,7,-0.8154,-1.0,-0.2098
adjacent_swap,phishing,65,-0.2383,-0.4594,0.006
domain_path_tld_transform,defacement,43,-0.1189,-0.4239,0.2104
domain_path_tld_transform,malware,6,0.0,-0.8944,0.9379
domain_path_tld_transform,phishing,96,-0.0339,-0.2362,0.1713
one_shot,defacement,57,0.2349,-0.0227,0.4717
one_shot,malware,13,-0.7689,-0.9432,-0.3088
one_shot,phishing,67,-0.1206,-0.3524,0.1357
random_deletion,defacement,24,0.2477,-0.2425,0.6167
random_deletion,malware,8,0.0482,-0.8781,0.8008
random_deletion,phishing,103,0.0671,-0.1216,0.2477
random_insertion,defacement,13,-0.0999,-0.7036,0.5638
random_insertion,malware,11,0.1675,-0.5546,0.9045
random_insertion,phishing,90,0.0376,-0.1776,0.2761
random_substitution,defacement,9,-0.1022,-0.8148,0.6873
random_substitution,malware,5,-0.0513,-1.0,1.0
random_substitution,phishing,118,0.0537,-0.1319,0.24
segment_manipulation,defacement,17,-0.2658,-0.6199,0.1926
segment_manipulation,malware,8,0.6506,0.0127,0.9473
segment_manipulation,phishing,57,0.1985,-0.0866,0.4597
