attack,budget,n_seeds,asr_targeted_mean,asr_targeted_std,asr_untargeted_mean,asr_untargeted_std,median_edits_mean,seeds_included
adjacent_swap,1,5,0.0079,0.0018,0.0176,0.0026,1.0,"[0, 1, 2, 3, 4]"
adjacent_swap,2,5,0.0176,0.0037,0.0385,0.0064,2.0,"[0, 1, 2, 3, 4]"
adjacent_swap,3,5,0.0277,0.0066,0.061,0.0115,2.0,"[0, 1, 2, 3, 4]"
adjacent_swap,5,5,0.0481,0.0117,0.1072,0.0207,3.0,"[0, 1, 2, 3, 4]"
adjacent_swap,8,5,0.0796,0.0177,0.1764,0.0307,5.0,"[0, 1, 2, 3, 4]"
adjacent_swap,10,5,0.1022,0.0232,0.221,0.037,6.0,"[0, 1, 2, 3, 4]"
domain_path_tld_transform,1,5,0.0342,0.0098,0.0654,0.0091,1.0,"[0, 1, 2, 3, 4]"
domain_path_tld_transform,2,5,0.0625,0.0096,0.1314,0.0095,1.2,"[0, 1, 2, 3, 4]"
domain_path_tld_transform,3,5,0.0823,0.0101,0.1822,0.0143,1.8,"[0, 1, 2, 3, 4]"
domain_path_tld_transform,5,5,0.1099,0.0111,0.2517,0.0256,2.0,"[0, 1, 2, 3, 4]"
domain_path_tld_transform,8,5,0.1356,0.0154,0.3181,0.0375,2.8,"[0, 1, 2, 3, 4]"
domain_path_tld_transform,10,5,0.1479,0.0176,0.3492,0.0453,2.8,"[0, 1, 2, 3, 4]"
random_deletion,1,5,0.0118,0.0025,0.0203,0.0022,1.0,"[0, 1, 2, 3, 4]"
random_deletion,2,5,0.0246,0.0047,0.0433,0.0045,2.0,"[0, 1, 2, 3, 4]"
random_deletion,3,5,0.0382,0.0064,0.0686,0.0066,2.0,"[0, 1, 2, 3, 4]"
random_deletion,5,5,0.068,0.0123,0.1249,0.0123,3.0,"[0, 1, 2, 3, 4]"
random_deletion,8,5,0.1135,0.0212,0.2113,0.0197,5.0,"[0, 1, 2, 3, 4]"
random_deletion,10,5,0.1461,0.0294,0.2685,0.0268,6.0,"[0, 1, 2, 3, 4]"
random_insertion,1,5,0.0099,0.0027,0.0176,0.0037,1.0,"[0, 1, 2, 3, 4]"
random_insertion,2,5,0.0219,0.0067,0.0401,0.0097,1.8,"[0, 1, 2, 3, 4]"
random_insertion,3,5,0.0362,0.0119,0.0648,0.0154,2.0,"[0, 1, 2, 3, 4]"
random_insertion,5,5,0.0663,0.0212,0.1206,0.0267,3.0,"[0, 1, 2, 3, 4]"
random_insertion,8,5,0.1193,0.0381,0.2102,0.0433,5.0,"[0, 1, 2, 3, 4]"
random_insertion,10,5,0.1543,0.0509,0.2669,0.054,6.0,"[0, 1, 2, 3, 4]"
random_substitution,1,5,0.0114,0.0019,0.0186,0.0027,1.0,"[0, 1, 2, 3, 4]"
random_substitution,2,5,0.0244,0.0046,0.0402,0.0059,2.0,"[0, 1, 2, 3, 4]"
random_substitution,3,5,0.0389,0.0082,0.0643,0.0103,2.0,"[0, 1, 2, 3, 4]"
random_substitution,5,5,0.0708,0.0153,0.1181,0.0189,3.0,"[0, 1, 2, 3, 4]"
random_substitution,8,5,0.1205,0.028,0.2054,0.0327,5.0,"[0, 1, 2, 3, 4]"
random_substitution,10,5,0.1521,0.0346,0.2599,0.0371,6.0,"[0, 1, 2, 3, 4]"
segment_manipulation,1,5,0.0124,0.0022,0.0677,0.0125,1.0,"[0, 1, 2, 3, 4]"
segment_manipulation,2,5,0.02,0.0042,0.1076,0.018,1.0,"[0, 1, 2, 3, 4]"
segment_manipulation,3,5,0.0258,0.005,0.1381,0.0233,1.8,"[0, 1, 2, 3, 4]"
segment_manipulation,5,5,0.0379,0.0071,0.1894,0.0341,2.2,"[0, 1, 2, 3, 4]"
segment_manipulation,8,5,0.0543,0.0107,0.2451,0.0468,4.0,"[0, 1, 2, 3, 4]"
segment_manipulation,10,5,0.0649,0.0127,0.2759,0.0518,4.4,"[0, 1, 2, 3, 4]"
