attack,budget,asr_targeted,asr_untargeted,median_edits,median_queries,n_attacked
adjacent_swap,1,0.0104,0.0197,1.0,1.0,10000
adjacent_swap,2,0.0223,0.0414,2.0,2.0,10000
adjacent_swap,3,0.0348,0.0654,2.0,2.0,10000
adjacent_swap,5,0.0591,0.1149,3.0,3.0,10000
adjacent_swap,8,0.0953,0.1822,5.0,5.0,10000
adjacent_swap,10,0.1261,0.2283,6.0,6.0,10000
domain_path_tld_transform,1,0.0506,0.0779,1.0,1.0,10000
domain_path_tld_transform,2,0.0745,0.1323,1.0,1.0,10000
domain_path_tld_transform,3,0.0904,0.1734,1.0,1.0,10000
domain_path_tld_transform,5,0.1097,0.2268,2.0,2.0,10000
domain_path_tld_transform,8,0.1254,0.2774,2.0,2.0,10000
domain_path_tld_transform,10,0.1327,0.3005,2.0,2.0,10000
random_deletion,1,0.0161,0.0233,1.0,1.0,10000
random_deletion,2,0.0326,0.0482,2.0,2.0,10000
random_deletion,3,0.0491,0.0766,2.0,2.0,10000
random_deletion,5,0.0891,0.1405,3.0,3.0,10000
random_deletion,8,0.1493,0.2354,5.0,5.0,10000
random_deletion,10,0.1942,0.298,6.0,6.0,10000
random_insertion,1,0.0137,0.0224,1.0,1.0,10000
random_insertion,2,0.031,0.0507,2.0,2.0,10000
random_insertion,3,0.0528,0.0793,2.0,2.0,10000
random_insertion,5,0.0944,0.1419,3.0,3.0,10000
random_insertion,8,0.1645,0.235,5.0,5.0,10000
random_insertion,10,0.2131,0.2971,6.0,6.0,10000
random_substitution,1,0.0137,0.0213,1.0,1.0,10000
random_substitution,2,0.0292,0.0457,2.0,2.0,10000
random_substitution,3,0.0479,0.0729,2.0,2.0,10000
random_substitution,5,0.0862,0.1282,3.0,3.0,10000
random_substitution,8,0.1499,0.218,5.0,5.0,10000
random_substitution,10,0.1912,0.2733,6.0,6.0,10000
segment_manipulation,1,0.0115,0.062,1.0,1.0,10000
segment_manipulation,2,0.0189,0.0975,1.0,1.0,10000
segment_manipulation,3,0.0227,0.1248,1.0,1.0,10000
segment_manipulation,5,0.034,0.1694,2.0,2.0,10000
segment_manipulation,8,0.0467,0.2163,4.0,4.0,10000
segment_manipulation,10,0.0568,0.244,4.0,4.0,10000
